id,audiolink
100,http://audio-tours.s3.amazonaws.com/p809.mp3
109,http://audio-tours.s3.amazonaws.com/p531.mp3
111,http://audio-tours.s3.amazonaws.com/p859.mp3
129,http://audio-tours.s3.amazonaws.com/p025.mp3
131,http://audio-tours.s3.amazonaws.com/p177.mp3
135,http://audio-tours.s3.amazonaws.com/p517.mp3
136,http://audio-tours.s3.amazonaws.com/p412.mp3
167,http://audio-tours.s3.amazonaws.com/p470.mp3
175,http://audio-tours.s3.amazonaws.com/p286.mp3
177,http://audio-tours.s3.amazonaws.com/p208.mp3
178,http://audio-tours.s3.amazonaws.com/p206.mp3
183,http://audio-tours.s3.amazonaws.com/p643.mp3
191,http://audio-tours.s3.amazonaws.com/p194.mp3
192,http://audio-tours.s3.amazonaws.com/p614.mp3
198,http://audio-tours.s3.amazonaws.com/p304.mp3
209,http://audio-tours.s3.amazonaws.com/p303.mp3
214,http://audio-tours.s3.amazonaws.com/p029.mp3
278,http://audio-tours.s3.amazonaws.com/p522.mp3
282,http://audio-tours.s3.amazonaws.com/p625.mp3
293,http://audio-tours.s3.amazonaws.com/p866.mp3
303,http://audio-tours.s3.amazonaws.com/p006.mp3
320,http://audio-tours.s3.amazonaws.com/p235.mp3
329,http://audio-tours.s3.amazonaws.com/p776.mp3
351,http://audio-tours.s3.amazonaws.com/p886.mp3
376,http://audio-tours.s3.amazonaws.com/p193.mp3
397,http://audio-tours.s3.amazonaws.com/p912.mp3
45,http://audio-tours.s3.amazonaws.com/p850.mp3
452,http://audio-tours.s3.amazonaws.com/p750.mp3
453,http://audio-tours.s3.amazonaws.com/p049.mp3
486,http://audio-tours.s3.amazonaws.com/p317.mp3
500,http://audio-tours.s3.amazonaws.com/p199.mp3
516,http://audio-tours.s3.amazonaws.com/p516.mp3
521,http://audio-tours.s3.amazonaws.com/p531.mp3
522,http://audio-tours.s3.amazonaws.com/p878.mp3
529,http://audio-tours.s3.amazonaws.com/p709.mp3
53,http://audio-tours.s3.amazonaws.com/p731.mp3
537,http://audio-tours.s3.amazonaws.com/p685.mp3
54,http://audio-tours.s3.amazonaws.com/p861.mp3
545,http://audio-tours.s3.amazonaws.com/p654.mp3
546,http://audio-tours.s3.amazonaws.com/p473.mp3
547,http://audio-tours.s3.amazonaws.com/p328.mp3
548,http://audio-tours.s3.amazonaws.com/p521.mp3
577,http://audio-tours.s3.amazonaws.com/p381.mp3
58,http://audio-tours.s3.amazonaws.com/p044.mp3
589,http://audio-tours.s3.amazonaws.com/p673.mp3
592,http://audio-tours.s3.amazonaws.com/p270.mp3
593,http://audio-tours.s3.amazonaws.com/p718.mp3
601,http://audio-tours.s3.amazonaws.com/p744.mp3
608,http://audio-tours.s3.amazonaws.com/p626.mp3
609,http://audio-tours.s3.amazonaws.com/p815.mp3
61,http://audio-tours.s3.amazonaws.com/p532.mp3
611,http://audio-tours.s3.amazonaws.com/p260.mp3
646,http://audio-tours.s3.amazonaws.com/p169.mp3
673,http://audio-tours.s3.amazonaws.com/p403.mp3
676,http://audio-tours.s3.amazonaws.com/p255.mp3
688,http://audio-tours.s3.amazonaws.com/p528.mp3
689,http://audio-tours.s3.amazonaws.com/p453.mp3
698,http://audio-tours.s3.amazonaws.com/p612.mp3
72,http://audio-tours.s3.amazonaws.com/p708.mp3
730,http://audio-tours.s3.amazonaws.com/p686.mp3
731,http://audio-tours.s3.amazonaws.com/p678.mp3
742,http://audio-tours.s3.amazonaws.com/p267.mp3
750,http://audio-tours.s3.amazonaws.com/p527.mp3
756,http://audio-tours.s3.amazonaws.com/p610.mp3
759,http://audio-tours.s3.amazonaws.com/p404.mp3
76,http://audio-tours.s3.amazonaws.com/p274.mp3
761,http://audio-tours.s3.amazonaws.com/p628.mp3
767,http://audio-tours.s3.amazonaws.com/p530.mp3
770,http://audio-tours.s3.amazonaws.com/p529.mp3
773,http://audio-tours.s3.amazonaws.com/p474.mp3
774,http://audio-tours.s3.amazonaws.com/p455.mp3
776,http://audio-tours.s3.amazonaws.com/p439.mp3
78,http://audio-tours.s3.amazonaws.com/p734.mp3
802,http://audio-tours.s3.amazonaws.com/p024.mp3
803,http://audio-tours.s3.amazonaws.com/p526.mp3
807,http://audio-tours.s3.amazonaws.com/p170.mp3
827,http://audio-tours.s3.amazonaws.com/p220.mp3
887,http://audio-tours.s3.amazonaws.com/p191.mp3
889,http://audio-tours.s3.amazonaws.com/p191.mp3
97,http://audio-tours.s3.amazonaws.com/p401.mp3
1089,http://audio-tours.s3.amazonaws.com/p199.mp3
1094,http://audio-tours.s3.amazonaws.com/p199.mp3
1097,http://audio-tours.s3.amazonaws.com/p195.mp3
1162,http://audio-tours.s3.amazonaws.com/p390.mp3
1163,http://audio-tours.s3.amazonaws.com/p728.mp3
1217,http://audio-tours.s3.amazonaws.com/p426.mp3
1218,http://audio-tours.s3.amazonaws.com/p741.mp3
1219,http://audio-tours.s3.amazonaws.com/p883.mp3
1224,http://audio-tours.s3.amazonaws.com/p463.mp3
1225,http://audio-tours.s3.amazonaws.com/p306.mp3
1226,http://audio-tours.s3.amazonaws.com/p721.mp3
1227,http://audio-tours.s3.amazonaws.com/p727.mp3
1230,http://audio-tours.s3.amazonaws.com/p915.mp3
1234,http://audio-tours.s3.amazonaws.com/p021.mp3
1235,http://audio-tours.s3.amazonaws.com/p432.mp3
1238,http://audio-tours.s3.amazonaws.com/p827.mp3
1239,http://audio-tours.s3.amazonaws.com/p136.mp3
1240,http://audio-tours.s3.amazonaws.com/p941.mp3
1241,http://audio-tours.s3.amazonaws.com/p746.mp3
1244,http://audio-tours.s3.amazonaws.com/p548.mp3
1255,http://audio-tours.s3.amazonaws.com/p275.mp3
1263,http://audio-tours.s3.amazonaws.com/p514.mp3
1270,http://audio-tours.s3.amazonaws.com/p870.mp3
1271,http://audio-tours.s3.amazonaws.com/p393.mp3
1272,http://audio-tours.s3.amazonaws.com/p725.mp3
1274,http://audio-tours.s3.amazonaws.com/p476.mp3
1275,http://audio-tours.s3.amazonaws.com/p624.mp3
1278,http://audio-tours.s3.amazonaws.com/p945.mp3
1280,http://audio-tours.s3.amazonaws.com/p804.mp3
1310,http://audio-tours.s3.amazonaws.com/p746.mp3
1312,http://audio-tours.s3.amazonaws.com/p431.mp3
1315,http://audio-tours.s3.amazonaws.com/p386.mp3
1317,http://audio-tours.s3.amazonaws.com/p077.mp3
1318,http://audio-tours.s3.amazonaws.com/p852.mp3
1322,http://audio-tours.s3.amazonaws.com/p922.mp3
1324,http://audio-tours.s3.amazonaws.com/p279.mp3
1325,http://audio-tours.s3.amazonaws.com/p952.mp3
1330,http://audio-tours.s3.amazonaws.com/p948.mp3
1331,http://audio-tours.s3.amazonaws.com/p477.mp3
1337,http://audio-tours.s3.amazonaws.com/p887.mp3
1341,http://audio-tours.s3.amazonaws.com/p703.mp3
1346,http://audio-tours.s3.amazonaws.com/p888.mp3
1348,http://audio-tours.s3.amazonaws.com/p706.mp3
1354,http://audio-tours.s3.amazonaws.com/p757.mp3
1355,http://audio-tours.s3.amazonaws.com/p853.mp3
1356,http://audio-tours.s3.amazonaws.com/p893.mp3
1358,http://audio-tours.s3.amazonaws.com/p917.mp3
1367,http://audio-tours.s3.amazonaws.com/p818.mp3
1369,http://audio-tours.s3.amazonaws.com/p472.mp3
1371,http://audio-tours.s3.amazonaws.com/p414.mp3
1372,http://audio-tours.s3.amazonaws.com/p674.mp3
1375,http://audio-tours.s3.amazonaws.com/p334.mp3
1378,http://audio-tours.s3.amazonaws.com/p794.mp3
1385,http://audio-tours.s3.amazonaws.com/p851.mp3
1391,http://audio-tours.s3.amazonaws.com/p154.mp3
1397,http://audio-tours.s3.amazonaws.com/p035.mp3
1398,http://audio-tours.s3.amazonaws.com/p282.mp3
1400,http://audio-tours.s3.amazonaws.com/p672.mp3
1407,http://audio-tours.s3.amazonaws.com/p942.mp3
1413,http://audio-tours.s3.amazonaws.com/p360.mp3
1414,http://audio-tours.s3.amazonaws.com/p027.mp3
1416,http://audio-tours.s3.amazonaws.com/p096.mp3
1417,http://audio-tours.s3.amazonaws.com/p095.mp3
1423,http://audio-tours.s3.amazonaws.com/p788.mp3
1425,http://audio-tours.s3.amazonaws.com/p951.mp3
1429,http://audio-tours.s3.amazonaws.com/p457.mp3
1435,http://audio-tours.s3.amazonaws.com/p078.mp3
1451,http://audio-tours.s3.amazonaws.com/p714.mp3
1463,http://audio-tours.s3.amazonaws.com/p707.mp3
1466,http://audio-tours.s3.amazonaws.com/p687.mp3
1471,http://audio-tours.s3.amazonaws.com/p465.mp3
1476,http://audio-tours.s3.amazonaws.com/p276.mp3
1477,http://audio-tours.s3.amazonaws.com/p097.mp3
1478,http://audio-tours.s3.amazonaws.com/p230.mp3
1487,http://audio-tours.s3.amazonaws.com/p633.mp3
1488,http://audio-tours.s3.amazonaws.com/p698.mp3
1500,http://audio-tours.s3.amazonaws.com/p175.mp3
1502,http://audio-tours.s3.amazonaws.com/p892.mp3
1503,http://audio-tours.s3.amazonaws.com/p939.mp3
1506,http://audio-tours.s3.amazonaws.com/p875.mp3
1508,http://audio-tours.s3.amazonaws.com/p324.mp3
1509,http://audio-tours.s3.amazonaws.com/p456.mp3
1510,http://audio-tours.s3.amazonaws.com/p031.mp3
1512,http://audio-tours.s3.amazonaws.com/p320.mp3
1513,http://audio-tours.s3.amazonaws.com/p790.mp3
1517,http://audio-tours.s3.amazonaws.com/p860.mp3
1520,http://audio-tours.s3.amazonaws.com/p717.mp3
1533,http://audio-tours.s3.amazonaws.com/p817.mp3
1543,http://audio-tours.s3.amazonaws.com/p623.mp3
1554,http://audio-tours.s3.amazonaws.com/p881.mp3
1555,http://audio-tours.s3.amazonaws.com/p862.mp3
1556,http://audio-tours.s3.amazonaws.com/p789.mp3
1566,http://audio-tours.s3.amazonaws.com/p523.mp3
1567,http://audio-tours.s3.amazonaws.com/p523.mp3
1575,http://audio-tours.s3.amazonaws.com/p675.mp3
1576,http://audio-tours.s3.amazonaws.com/p524.mp3
1586,http://audio-tours.s3.amazonaws.com/p502.mp3
1588,http://audio-tours.s3.amazonaws.com/p585.mp3
1595,http://audio-tours.s3.amazonaws.com/p764.mp3
1602,http://audio-tours.s3.amazonaws.com/p244.mp3
1605,http://audio-tours.s3.amazonaws.com/p538.mp3
1613,http://audio-tours.s3.amazonaws.com/p318.mp3
1617,http://audio-tours.s3.amazonaws.com/p736.mp3
1626,http://audio-tours.s3.amazonaws.com/p515.mp3
1627,http://audio-tours.s3.amazonaws.com/p464.mp3
1629,http://audio-tours.s3.amazonaws.com/p931.mp3
1633,http://audio-tours.s3.amazonaws.com/p573.mp3
1637,http://audio-tours.s3.amazonaws.com/p738.mp3
1639,http://audio-tours.s3.amazonaws.com/p391.mp3
1646,http://audio-tours.s3.amazonaws.com/p699.mp3
1650,http://audio-tours.s3.amazonaws.com/p590.mp3
1655,http://audio-tours.s3.amazonaws.com/p730.mp3
1664,http://audio-tours.s3.amazonaws.com/p046.mp3
1665,http://audio-tours.s3.amazonaws.com/p748.mp3
1670,http://audio-tours.s3.amazonaws.com/p946.mp3
1671,http://audio-tours.s3.amazonaws.com/p621.mp3
1673,http://audio-tours.s3.amazonaws.com/p079.mp3
1677,http://audio-tours.s3.amazonaws.com/p620.mp3
1679,http://audio-tours.s3.amazonaws.com/p584.mp3
1681,http://audio-tours.s3.amazonaws.com/p670.mp3
1689,http://audio-tours.s3.amazonaws.com/p454.mp3
1693,http://audio-tours.s3.amazonaws.com/p863.mp3
1694,http://audio-tours.s3.amazonaws.com/p535.mp3
1704,http://audio-tours.s3.amazonaws.com/p752.mp3
1721,http://audio-tours.s3.amazonaws.com/p950.mp3
1726,http://audio-tours.s3.amazonaws.com/p088.mp3
1727,http://audio-tours.s3.amazonaws.com/p712.mp3
1733,http://audio-tours.s3.amazonaws.com/p661.mp3
1735,http://audio-tours.s3.amazonaws.com/p622.mp3
1736,http://audio-tours.s3.amazonaws.com/p671.mp3
1737,http://audio-tours.s3.amazonaws.com/p534.mp3
1738,http://audio-tours.s3.amazonaws.com/p933.mp3
1748,http://audio-tours.s3.amazonaws.com/p715.mp3
1751,http://audio-tours.s3.amazonaws.com/p864.mp3
1752,http://audio-tours.s3.amazonaws.com/p191.mp3
1782,http://audio-tours.s3.amazonaws.com/p732.mp3
1784,http://audio-tours.s3.amazonaws.com/p478.mp3
1785,http://audio-tours.s3.amazonaws.com/p273.mp3
1800,http://audio-tours.s3.amazonaws.com/p943.mp3
1816,http://audio-tours.s3.amazonaws.com/p739.mp3
1819,http://audio-tours.s3.amazonaws.com/p512.mp3
1820,http://audio-tours.s3.amazonaws.com/p314.mp3
1822,http://audio-tours.s3.amazonaws.com/p513.mp3
1838,http://audio-tours.s3.amazonaws.com/p047.mp3
1849,http://audio-tours.s3.amazonaws.com/p733.mp3
1850,http://audio-tours.s3.amazonaws.com/p315.mp3
1851,http://audio-tours.s3.amazonaws.com/p479.mp3
1852,http://audio-tours.s3.amazonaws.com/p898.mp3
1854,http://audio-tours.s3.amazonaws.com/p437.mp3
1883,http://audio-tours.s3.amazonaws.com/p458.mp3
1886,http://audio-tours.s3.amazonaws.com/p701.mp3
1887,http://audio-tours.s3.amazonaws.com/p768.mp3
1888,http://audio-tours.s3.amazonaws.com/p900.mp3
1926,http://audio-tours.s3.amazonaws.com/p511.mp3
1934,http://audio-tours.s3.amazonaws.com/p091.mp3
1935,http://audio-tours.s3.amazonaws.com/p468.mp3
1937,http://audio-tours.s3.amazonaws.com/p443.mp3
1938,http://audio-tours.s3.amazonaws.com/p410.mp3
1941,http://audio-tours.s3.amazonaws.com/p897.mp3
1957,http://audio-tours.s3.amazonaws.com/p704.mp3
1959,http://audio-tours.s3.amazonaws.com/p089.mp3
1977,http://audio-tours.s3.amazonaws.com/p037.mp3
1987,http://audio-tours.s3.amazonaws.com/p488.mp3
10020,http://audio-tours.s3.amazonaws.com/p231.mp3
10513,http://audio-tours.s3.amazonaws.com/p010.mp3
10526,http://audio-tours.s3.amazonaws.com/p399.mp3
10632,http://audio-tours.s3.amazonaws.com/p461.mp3
10670,http://audio-tours.s3.amazonaws.com/p397.mp3
11838,http://audio-tours.s3.amazonaws.com/p459.mp3
11947,http://audio-tours.s3.amazonaws.com/p546.mp3
11955,http://audio-tours.s3.amazonaws.com/p722.mp3
11957,http://audio-tours.s3.amazonaws.com/p820.mp3
12058,http://audio-tours.s3.amazonaws.com/p292.mp3
12088,http://audio-tours.s3.amazonaws.com/p173.mp3
12111,http://audio-tours.s3.amazonaws.com/p411.mp3
12133,http://audio-tours.s3.amazonaws.com/p576.mp3
12134,http://audio-tours.s3.amazonaws.com/p905.mp3
12138,http://audio-tours.s3.amazonaws.com/p008.mp3
12144,http://audio-tours.s3.amazonaws.com/p819.mp3
12776,http://audio-tours.s3.amazonaws.com/p968.mp3
12830,http://audio-tours.s3.amazonaws.com/p467.mp3
12832,http://audio-tours.s3.amazonaws.com/p227.mp3
12948,http://audio-tours.s3.amazonaws.com/p169.mp3
13020,http://audio-tours.s3.amazonaws.com/p424.mp3
13074,http://audio-tours.s3.amazonaws.com/p753.mp3
13141,http://audio-tours.s3.amazonaws.com/p555.mp3
13202,http://audio-tours.s3.amazonaws.com/p796.mp3
13612,http://audio-tours.s3.amazonaws.com/p617.mp3
13621,http://audio-tours.s3.amazonaws.com/p553.mp3
14019,http://audio-tours.s3.amazonaws.com/p786.mp3
14148,http://audio-tours.s3.amazonaws.com/p388.mp3
14157,http://audio-tours.s3.amazonaws.com/p785.mp3
14863,http://audio-tours.s3.amazonaws.com/p784.mp3
15682,http://audio-tours.s3.amazonaws.com/p668.mp3
16602,http://audio-tours.s3.amazonaws.com/p814.mp3
16830,http://audio-tours.s3.amazonaws.com/p814.mp3
16945,http://audio-tours.s3.amazonaws.com/p815.mp3
16950,http://audio-tours.s3.amazonaws.com/p815.mp3
18426,http://audio-tours.s3.amazonaws.com/p882.mp3
18573,http://audio-tours.s3.amazonaws.com/p163.mp3
19376,http://audio-tours.s3.amazonaws.com/p505.mp3
19689,http://audio-tours.s3.amazonaws.com/p834.mp3
2031,http://audio-tours.s3.amazonaws.com/p582.mp3
2032,http://audio-tours.s3.amazonaws.com/p444.mp3
2034,http://audio-tours.s3.amazonaws.com/p841.mp3
2040,http://audio-tours.s3.amazonaws.com/p958.mp3
2090,http://audio-tours.s3.amazonaws.com/p560.mp3
2104,http://audio-tours.s3.amazonaws.com/p567.mp3
2116,http://audio-tours.s3.amazonaws.com/p248.mp3
2121,http://audio-tours.s3.amazonaws.com/p246.mp3
2127,http://audio-tours.s3.amazonaws.com/p724.mp3
2135,http://audio-tours.s3.amazonaws.com/p032.mp3
2138,http://audio-tours.s3.amazonaws.com/p203.mp3
2144,http://audio-tours.s3.amazonaws.com/p840.mp3
2202,http://audio-tours.s3.amazonaws.com/p396.mp3
2205,http://audio-tours.s3.amazonaws.com/p336.mp3
2224,http://audio-tours.s3.amazonaws.com/p036.mp3
2225,http://audio-tours.s3.amazonaws.com/p323.mp3
2226,http://audio-tours.s3.amazonaws.com/p525.mp3
2241,http://audio-tours.s3.amazonaws.com/p946.mp3
2242,http://audio-tours.s3.amazonaws.com/p380.mp3
2245,http://audio-tours.s3.amazonaws.com/p384.mp3
2275,http://audio-tours.s3.amazonaws.com/p919.mp3
2279,http://audio-tours.s3.amazonaws.com/p420.mp3
2280,http://audio-tours.s3.amazonaws.com/p382.mp3
2420,http://audio-tours.s3.amazonaws.com/p713.mp3
2421,http://audio-tours.s3.amazonaws.com/p145.mp3
2487,http://audio-tours.s3.amazonaws.com/p688.mp3
2490,http://audio-tours.s3.amazonaws.com/p938.mp3
2494,http://audio-tours.s3.amazonaws.com/p042.mp3
2505,http://audio-tours.s3.amazonaws.com/p016.mp3
2536,http://audio-tours.s3.amazonaws.com/p152.mp3
2540,http://audio-tours.s3.amazonaws.com/p308.mp3
2564,http://audio-tours.s3.amazonaws.com/p033.mp3
2570,http://audio-tours.s3.amazonaws.com/p312.mp3
2603,http://audio-tours.s3.amazonaws.com/p084.mp3
2606,http://audio-tours.s3.amazonaws.com/p949.mp3
2607,http://audio-tours.s3.amazonaws.com/p034.mp3
2613,http://audio-tours.s3.amazonaws.com/p302.mp3
2622,http://audio-tours.s3.amazonaws.com/p846.mp3
2624,http://audio-tours.s3.amazonaws.com/p519.mp3
2724,http://audio-tours.s3.amazonaws.com/p392.mp3
2725,http://audio-tours.s3.amazonaws.com/p947.mp3
2730,http://audio-tours.s3.amazonaws.com/p085.mp3
2749,http://audio-tours.s3.amazonaws.com/p755.mp3
2753,http://audio-tours.s3.amazonaws.com/p825.mp3
2759,http://audio-tours.s3.amazonaws.com/p543.mp3
2762,http://audio-tours.s3.amazonaws.com/p533.mp3
2796,http://audio-tours.s3.amazonaws.com/p015.mp3
2803,http://audio-tours.s3.amazonaws.com/p418.mp3
2805,http://audio-tours.s3.amazonaws.com/p452.mp3
2808,http://audio-tours.s3.amazonaws.com/p081.mp3
2810,http://audio-tours.s3.amazonaws.com/p039.mp3
2814,http://audio-tours.s3.amazonaws.com/p911.mp3
2866,http://audio-tours.s3.amazonaws.com/p611.mp3
2900,http://audio-tours.s3.amazonaws.com/p761.mp3
2901,http://audio-tours.s3.amazonaws.com/p471.mp3
2903,http://audio-tours.s3.amazonaws.com/p005.mp3
2991,http://audio-tours.s3.amazonaws.com/p257.mp3
24494,http://audio-tours.s3.amazonaws.com/p344.mp3
27055,http://audio-tours.s3.amazonaws.com/p295.mp3
3051,http://audio-tours.s3.amazonaws.com/p427.mp3
3053,http://audio-tours.s3.amazonaws.com/p311.mp3
3058,http://audio-tours.s3.amazonaws.com/p389.mp3
3059,http://audio-tours.s3.amazonaws.com/p689.mp3
3061,http://audio-tours.s3.amazonaws.com/p045.mp3
3076,http://audio-tours.s3.amazonaws.com/p690.mp3
3077,http://audio-tours.s3.amazonaws.com/p269.mp3
3115,http://audio-tours.s3.amazonaws.com/p693.mp3
3148,http://audio-tours.s3.amazonaws.com/p679.mp3
3152,http://audio-tours.s3.amazonaws.com/p913.mp3
3156,http://audio-tours.s3.amazonaws.com/p083.mp3
3162,http://audio-tours.s3.amazonaws.com/p544.mp3
3183,http://audio-tours.s3.amazonaws.com/p409.mp3
3210,http://audio-tours.s3.amazonaws.com/p501.mp3
3213,http://audio-tours.s3.amazonaws.com/p166.mp3
3216,http://audio-tours.s3.amazonaws.com/p256.mp3
3217,http://audio-tours.s3.amazonaws.com/p807.mp3
3220,http://audio-tours.s3.amazonaws.com/p756.mp3
3221,http://audio-tours.s3.amazonaws.com/p692.mp3
3257,http://audio-tours.s3.amazonaws.com/p568.mp3
3266,http://audio-tours.s3.amazonaws.com/p475.mp3
3276,http://audio-tours.s3.amazonaws.com/p090.mp3
3280,http://audio-tours.s3.amazonaws.com/p676.mp3
3283,http://audio-tours.s3.amazonaws.com/p398.mp3
3291,http://audio-tours.s3.amazonaws.com/p854.mp3
3296,http://audio-tours.s3.amazonaws.com/p659.mp3
3304,http://audio-tours.s3.amazonaws.com/p188.mp3
3321,http://audio-tours.s3.amazonaws.com/p542.mp3
3346,http://audio-tours.s3.amazonaws.com/p499.mp3
3363,http://audio-tours.s3.amazonaws.com/p146.mp3
3384,http://audio-tours.s3.amazonaws.com/p601.mp3
3385,http://audio-tours.s3.amazonaws.com/p101.mp3
3386,http://audio-tours.s3.amazonaws.com/p264.mp3
3492,http://audio-tours.s3.amazonaws.com/p415.mp3
3520,http://audio-tours.s3.amazonaws.com/p301.mp3
3524,http://audio-tours.s3.amazonaws.com/p251.mp3
3527,http://audio-tours.s3.amazonaws.com/p777.mp3
3534,http://audio-tours.s3.amazonaws.com/p638.mp3
3540,http://audio-tours.s3.amazonaws.com/p677.mp3
3545,http://audio-tours.s3.amazonaws.com/p779.mp3
3584,http://audio-tours.s3.amazonaws.com/p749.mp3
3589,http://audio-tours.s3.amazonaws.com/p099.mp3
3590,http://audio-tours.s3.amazonaws.com/p925.mp3
3632,http://audio-tours.s3.amazonaws.com/p583.mp3
3633,http://audio-tours.s3.amazonaws.com/p450.mp3
3675,http://audio-tours.s3.amazonaws.com/p200.mp3
3685,http://audio-tours.s3.amazonaws.com/p857.mp3
3723,http://audio-tours.s3.amazonaws.com/p413.mp3
3729,http://audio-tours.s3.amazonaws.com/p691.mp3
3730,http://audio-tours.s3.amazonaws.com/p287.mp3
3734,http://audio-tours.s3.amazonaws.com/p877.mp3
3736,http://audio-tours.s3.amazonaws.com/p872.mp3
3737,http://audio-tours.s3.amazonaws.com/p858.mp3
3764,http://audio-tours.s3.amazonaws.com/p928.mp3
3778,http://audio-tours.s3.amazonaws.com/p438.mp3
3862,http://audio-tours.s3.amazonaws.com/p441.mp3
3885,http://audio-tours.s3.amazonaws.com/p885.mp3
3889,http://audio-tours.s3.amazonaws.com/p558.mp3
3890,http://audio-tours.s3.amazonaws.com/p561.mp3
3891,http://audio-tours.s3.amazonaws.com/p561.mp3
3895,http://audio-tours.s3.amazonaws.com/p564.mp3
3903,http://audio-tours.s3.amazonaws.com/p026.mp3
3906,http://audio-tours.s3.amazonaws.com/p773.mp3
3909,http://audio-tours.s3.amazonaws.com/p445.mp3
3914,http://audio-tours.s3.amazonaws.com/p636.mp3
3979,http://audio-tours.s3.amazonaws.com/p425.mp3
30633,http://audio-tours.s3.amazonaws.com/p184.mp3
30702,http://audio-tours.s3.amazonaws.com/p182.mp3
30704,http://audio-tours.s3.amazonaws.com/p395.mp3
30767,http://audio-tours.s3.amazonaws.com/p571.mp3
30788,http://audio-tours.s3.amazonaws.com/p028.mp3
31146,http://audio-tours.s3.amazonaws.com/w960.mp3
31163,http://audio-tours.s3.amazonaws.com/p811.mp3
31247,http://audio-tours.s3.amazonaws.com/p835.mp3
31377,http://audio-tours.s3.amazonaws.com/p236.mp3
31441,http://audio-tours.s3.amazonaws.com/p447.mp3
32122,http://audio-tours.s3.amazonaws.com/p353.mp3
32465,http://audio-tours.s3.amazonaws.com/p874.mp3
33590,http://audio-tours.s3.amazonaws.com/p632.mp3
33688,http://audio-tours.s3.amazonaws.com/p268.mp3
33713,http://audio-tours.s3.amazonaws.com/p290.mp3
33878,http://audio-tours.s3.amazonaws.com/p600.mp3
33879,http://audio-tours.s3.amazonaws.com/p603.mp3
4030,http://audio-tours.s3.amazonaws.com/p435.mp3
4035,http://audio-tours.s3.amazonaws.com/p520.mp3
4042,http://audio-tours.s3.amazonaws.com/p207.mp3
4047,http://audio-tours.s3.amazonaws.com/p261.mp3
4191,http://audio-tours.s3.amazonaws.com/p518.mp3
4194,http://audio-tours.s3.amazonaws.com/p022.mp3
4196,http://audio-tours.s3.amazonaws.com/p936.mp3
4236,http://audio-tours.s3.amazonaws.com/p637.mp3
4239,http://audio-tours.s3.amazonaws.com/p932.mp3
4242,http://audio-tours.s3.amazonaws.com/p604.mp3
4284,http://audio-tours.s3.amazonaws.com/p092.mp3
4312,http://audio-tours.s3.amazonaws.com/p245.mp3
4314,http://audio-tours.s3.amazonaws.com/p565.mp3
4324,http://audio-tours.s3.amazonaws.com/p225.mp3
4343,http://audio-tours.s3.amazonaws.com/p903.mp3
4362,http://audio-tours.s3.amazonaws.com/p371.mp3
4379,http://audio-tours.s3.amazonaws.com/p192.mp3
4381,http://audio-tours.s3.amazonaws.com/p094.mp3
4383,http://audio-tours.s3.amazonaws.com/p400.mp3
4394,http://audio-tours.s3.amazonaws.com/p758.mp3
4395,http://audio-tours.s3.amazonaws.com/p469.mp3
4397,http://audio-tours.s3.amazonaws.com/p539.mp3
4418,http://audio-tours.s3.amazonaws.com/p124.mp3
4457,http://audio-tours.s3.amazonaws.com/p281.mp3
4464,http://audio-tours.s3.amazonaws.com/p305.mp3
4468,http://audio-tours.s3.amazonaws.com/p561.mp3
4474,http://audio-tours.s3.amazonaws.com/p641.mp3
4487,http://audio-tours.s3.amazonaws.com/p460.mp3
4505,http://audio-tours.s3.amazonaws.com/p842.mp3
4523,http://audio-tours.s3.amazonaws.com/p574.mp3
4530,http://audio-tours.s3.amazonaws.com/p901.mp3
4553,http://audio-tours.s3.amazonaws.com/p923.mp3
4558,http://audio-tours.s3.amazonaws.com/p300.mp3
4578,http://audio-tours.s3.amazonaws.com/p729.mp3
4649,http://audio-tours.s3.amazonaws.com/p258.mp3
4684,http://audio-tours.s3.amazonaws.com/p920.mp3
4694,http://audio-tours.s3.amazonaws.com/p970.mp3
4696,http://audio-tours.s3.amazonaws.com/p843.mp3
4706,http://audio-tours.s3.amazonaws.com/p278.mp3
4709,http://audio-tours.s3.amazonaws.com/p563.mp3
4725,http://audio-tours.s3.amazonaws.com/p803.mp3
4729,http://audio-tours.s3.amazonaws.com/p174.mp3
4738,http://audio-tours.s3.amazonaws.com/p241.mp3
4757,http://audio-tours.s3.amazonaws.com/p221.mp3
4793,http://audio-tours.s3.amazonaws.com/p907.mp3
4797,http://audio-tours.s3.amazonaws.com/p927.mp3
4812,http://audio-tours.s3.amazonaws.com/p233.mp3
4829,http://audio-tours.s3.amazonaws.com/p307.mp3
4841,http://audio-tours.s3.amazonaws.com/p771.mp3
4855,http://audio-tours.s3.amazonaws.com/p433.mp3
4866,http://audio-tours.s3.amazonaws.com/p918.mp3
4867,http://audio-tours.s3.amazonaws.com/p252.mp3
4946,http://audio-tours.s3.amazonaws.com/p041.mp3
4958,http://audio-tours.s3.amazonaws.com/p561.mp3
4976,http://audio-tours.s3.amazonaws.com/p462.mp3
4979,http://audio-tours.s3.amazonaws.com/p954.mp3
40424,http://audio-tours.s3.amazonaws.com/p655.mp3
40633,http://audio-tours.s3.amazonaws.com/p171.mp3
40660,http://audio-tours.s3.amazonaws.com/p171.mp3
40663,http://audio-tours.s3.amazonaws.com/p171.mp3
45256,http://audio-tours.s3.amazonaws.com/p423.mp3
45278,http://audio-tours.s3.amazonaws.com/p294.mp3
45640,http://audio-tours.s3.amazonaws.com/p884.mp3
45813,http://audio-tours.s3.amazonaws.com/p284.mp3
45837,http://audio-tours.s3.amazonaws.com/p550.mp3
45954,http://audio-tours.s3.amazonaws.com/p634.mp3
46241,http://audio-tours.s3.amazonaws.com/p183.mp3
46506,http://audio-tours.s3.amazonaws.com/p593.mp3
5033,http://audio-tours.s3.amazonaws.com/p944.mp3
5054,http://audio-tours.s3.amazonaws.com/p760.mp3
5057,http://audio-tours.s3.amazonaws.com/p716.mp3
5102,http://audio-tours.s3.amazonaws.com/p640.mp3
5160,http://audio-tours.s3.amazonaws.com/p291.mp3
5167,http://audio-tours.s3.amazonaws.com/p296.mp3
5176,http://audio-tours.s3.amazonaws.com/p232.mp3
5178,http://audio-tours.s3.amazonaws.com/p196.mp3
5180,http://audio-tours.s3.amazonaws.com/p910.mp3
5192,http://audio-tours.s3.amazonaws.com/p171.mp3
5196,http://audio-tours.s3.amazonaws.com/p176.mp3
5299,http://audio-tours.s3.amazonaws.com/p924.mp3
5369,http://audio-tours.s3.amazonaws.com/p271.mp3
5373,http://audio-tours.s3.amazonaws.com/p098.mp3
5431,http://audio-tours.s3.amazonaws.com/p030.mp3
5448,http://audio-tours.s3.amazonaws.com/p436.mp3
5450,http://audio-tours.s3.amazonaws.com/p272.mp3
5473,http://audio-tours.s3.amazonaws.com/p908.mp3
5487,http://audio-tours.s3.amazonaws.com/p405.mp3
5543,http://audio-tours.s3.amazonaws.com/p557.mp3
5548,http://audio-tours.s3.amazonaws.com/p213.mp3
5556,http://audio-tours.s3.amazonaws.com/p799.mp3
5566,http://audio-tours.s3.amazonaws.com/p795.mp3
5573,http://audio-tours.s3.amazonaws.com/p663.mp3
5600,http://audio-tours.s3.amazonaws.com/p214.mp3
5604,http://audio-tours.s3.amazonaws.com/p797.mp3
5613,http://audio-tours.s3.amazonaws.com/p308.mp3
5623,http://audio-tours.s3.amazonaws.com/p906.mp3
5665,http://audio-tours.s3.amazonaws.com/p288.mp3
5670,http://audio-tours.s3.amazonaws.com/p662.mp3
5683,http://audio-tours.s3.amazonaws.com/p536.mp3
5737,http://audio-tours.s3.amazonaws.com/p262.mp3
5741,http://audio-tours.s3.amazonaws.com/p572.mp3
5747,http://audio-tours.s3.amazonaws.com/p705.mp3
5748,http://audio-tours.s3.amazonaws.com/p541.mp3
5750,http://audio-tours.s3.amazonaws.com/p205.mp3
5752,http://audio-tours.s3.amazonaws.com/p202.mp3
5754,http://audio-tours.s3.amazonaws.com/p204.mp3
5756,http://audio-tours.s3.amazonaws.com/p552.mp3
5771,http://audio-tours.s3.amazonaws.com/p719.mp3
5773,http://audio-tours.s3.amazonaws.com/p442.mp3
5779,http://audio-tours.s3.amazonaws.com/p422.mp3
5783,http://audio-tours.s3.amazonaws.com/p616.mp3
5788,http://audio-tours.s3.amazonaws.com/p211.mp3
5790,http://audio-tours.s3.amazonaws.com/p187.mp3
5810,http://audio-tours.s3.amazonaws.com/p550.mp3
5814,http://audio-tours.s3.amazonaws.com/p215.mp3
5871,http://audio-tours.s3.amazonaws.com/p613.mp3
5877,http://audio-tours.s3.amazonaws.com/p588.mp3
5890,http://audio-tours.s3.amazonaws.com/p298.mp3
5891,http://audio-tours.s3.amazonaws.com/p212.mp3
5894,http://audio-tours.s3.amazonaws.com/p510.mp3
5896,http://audio-tours.s3.amazonaws.com/p824.mp3
5898,http://audio-tours.s3.amazonaws.com/p911.mp3
5912,http://audio-tours.s3.amazonaws.com/p669.mp3
5927,http://audio-tours.s3.amazonaws.com/p556.mp3
5929,http://audio-tours.s3.amazonaws.com/p161.mp3
5968,http://audio-tours.s3.amazonaws.com/p299.mp3
5969,http://audio-tours.s3.amazonaws.com/p222.mp3
5992,http://audio-tours.s3.amazonaws.com/p266.mp3
5995,http://audio-tours.s3.amazonaws.com/p259.mp3
5996,http://audio-tours.s3.amazonaws.com/p660.mp3
51803,http://audio-tours.s3.amazonaws.com/p575.mp3
55601,http://audio-tours.s3.amazonaws.com/p238.mp3
57822,http://audio-tours.s3.amazonaws.com/p265.mp3
58166,http://audio-tours.s3.amazonaws.com/p751.mp3
59614,http://audio-tours.s3.amazonaws.com/p164.mp3
59842,http://audio-tours.s3.amazonaws.com/p180.mp3
6028,http://audio-tours.s3.amazonaws.com/p808.mp3
6030,http://audio-tours.s3.amazonaws.com/p828.mp3
6176,http://audio-tours.s3.amazonaws.com/p228.mp3
6239,http://audio-tours.s3.amazonaws.com/p737.mp3
6782,http://audio-tours.s3.amazonaws.com/p657.mp3
6785,http://audio-tours.s3.amazonaws.com/p141.mp3
60157,http://audio-tours.s3.amazonaws.com/p038.mp3
60161,http://audio-tours.s3.amazonaws.com/p540.mp3
60232,http://audio-tours.s3.amazonaws.com/p421.mp3
60509,http://audio-tours.s3.amazonaws.com/p249.mp3
60587,http://audio-tours.s3.amazonaws.com/p394.mp3
60728,http://audio-tours.s3.amazonaws.com/p172.mp3
60740,http://audio-tours.s3.amazonaws.com/p635.mp3
61319,http://audio-tours.s3.amazonaws.com/p229.mp3
61478,http://audio-tours.s3.amazonaws.com/p763.mp3
61823,http://audio-tours.s3.amazonaws.com/p070.mp3
61831,http://audio-tours.s3.amazonaws.com/p656.mp3
62046,http://audio-tours.s3.amazonaws.com/p770.mp3
62510,http://audio-tours.s3.amazonaws.com/p242.mp3
62516,http://audio-tours.s3.amazonaws.com/p209.mp3
63393,http://audio-tours.s3.amazonaws.com/p158.mp3
63394,http://audio-tours.s3.amazonaws.com/p155.mp3
63571,http://audio-tours.s3.amazonaws.com/p014.mp3
65023,http://audio-tours.s3.amazonaws.com/p754.mp3
67033,http://audio-tours.s3.amazonaws.com/p310.mp3
7020,http://audio-tours.s3.amazonaws.com/p100.mp3
7177,http://audio-tours.s3.amazonaws.com/p263.mp3
72225,http://audio-tours.s3.amazonaws.com/p407.mp3
75993,http://audio-tours.s3.amazonaws.com/p234.mp3
8010,http://audio-tours.s3.amazonaws.com/p780.mp3
8024,http://audio-tours.s3.amazonaws.com/p780.mp3
8031,http://audio-tours.s3.amazonaws.com/p772.mp3
8156,http://audio-tours.s3.amazonaws.com/p826.mp3
8278,http://audio-tours.s3.amazonaws.com/p781.mp3
8362,http://audio-tours.s3.amazonaws.com/p873.mp3
8428,http://audio-tours.s3.amazonaws.com/p697.mp3
8566,http://audio-tours.s3.amazonaws.com/p778.mp3
8673,http://audio-tours.s3.amazonaws.com/p607.mp3
8946,http://audio-tours.s3.amazonaws.com/p831.mp3
8948,http://audio-tours.s3.amazonaws.com/p832.mp3
8949,http://audio-tours.s3.amazonaws.com/p833.mp3
81074,http://audio-tours.s3.amazonaws.com/p226.mp3
81596,http://audio-tours.s3.amazonaws.com/p569.mp3
83458,http://audio-tours.s3.amazonaws.com/p700.mp3
83645,http://audio-tours.s3.amazonaws.com/p001.mp3
83723,http://audio-tours.s3.amazonaws.com/p237.mp3
83749,http://audio-tours.s3.amazonaws.com/p018.mp3
83909,http://audio-tours.s3.amazonaws.com/p587.mp3
83923,http://audio-tours.s3.amazonaws.com/p577.mp3
84289,http://audio-tours.s3.amazonaws.com/p240.mp3
84304,http://audio-tours.s3.amazonaws.com/p595.mp3
89293,http://audio-tours.s3.amazonaws.com/p504.mp3
89618,http://audio-tours.s3.amazonaws.com/p596.mp3
89655,http://audio-tours.s3.amazonaws.com/p876.mp3
89890,http://audio-tours.s3.amazonaws.com/p594.mp3
89938,http://audio-tours.s3.amazonaws.com/p509.mp3
9049,http://audio-tours.s3.amazonaws.com/p402.mp3
9061,http://audio-tours.s3.amazonaws.com/p218.mp3
9413,http://audio-tours.s3.amazonaws.com/p549.mp3
9668,http://audio-tours.s3.amazonaws.com/p783.mp3
9675,http://audio-tours.s3.amazonaws.com/p869.mp3
9920,http://audio-tours.s3.amazonaws.com/p579.mp3
9960,http://audio-tours.s3.amazonaws.com/p417.mp3
90966,http://audio-tours.s3.amazonaws.com/p876.mp3
91482,http://audio-tours.s3.amazonaws.com/p506.mp3
91591,http://audio-tours.s3.amazonaws.com/p876.mp3
95059,http://audio-tours.s3.amazonaws.com/p508.mp3
95061,http://audio-tours.s3.amazonaws.com/p507.mp3
95062,http://audio-tours.s3.amazonaws.com/p598.mp3
96917,http://audio-tours.s3.amazonaws.com/p248.mp3
97646,http://audio-tours.s3.amazonaws.com/p67.mp3