,imglink
100,https://2.api.artsmia.org/100.jpg
109,https://4.api.artsmia.org/109.jpg
111,https://6.api.artsmia.org/111.jpg
129,https://3.api.artsmia.org/129.jpg
131,https://5.api.artsmia.org/131.jpg
135,https://2.api.artsmia.org/135.jpg
136,https://3.api.artsmia.org/136.jpg
167,https://6.api.artsmia.org/167.jpg
175,https://0.api.artsmia.org/175.jpg
177,https://2.api.artsmia.org/177.jpg
178,https://3.api.artsmia.org/178.jpg
183,https://1.api.artsmia.org/183.jpg
191,https://2.api.artsmia.org/191.jpg
192,https://3.api.artsmia.org/192.jpg
198,https://2.api.artsmia.org/198.jpg
209,https://6.api.artsmia.org/209.jpg
214,https://4.api.artsmia.org/214.jpg
278,https://5.api.artsmia.org/278.jpg
282,https://2.api.artsmia.org/282.jpg
293,https://6.api.artsmia.org/293.jpg
303,https://2.api.artsmia.org/303.jpg
320,https://5.api.artsmia.org/320.jpg
329,https://0.api.artsmia.org/329.jpg
351,https://1.api.artsmia.org/351.jpg
376,https://5.api.artsmia.org/376.jpg
397,https://5.api.artsmia.org/397.jpg
45,https://3.api.artsmia.org/45.jpg
452,https://4.api.artsmia.org/452.jpg
453,https://5.api.artsmia.org/453.jpg
486,https://3.api.artsmia.org/486.jpg
500,https://3.api.artsmia.org/500.jpg
516,https://5.api.artsmia.org/516.jpg
521,https://3.api.artsmia.org/521.jpg
522,https://4.api.artsmia.org/522.jpg
529,https://4.api.artsmia.org/529.jpg
53,https://4.api.artsmia.org/53.jpg
537,https://5.api.artsmia.org/537.jpg
54,https://5.api.artsmia.org/54.jpg
545,https://6.api.artsmia.org/545.jpg
546,https://0.api.artsmia.org/546.jpg
547,https://1.api.artsmia.org/547.jpg
548,https://2.api.artsmia.org/548.jpg
577,https://3.api.artsmia.org/577.jpg
58,https://2.api.artsmia.org/58.jpg
589,https://1.api.artsmia.org/589.jpg
592,https://4.api.artsmia.org/592.jpg
593,https://5.api.artsmia.org/593.jpg
601,https://6.api.artsmia.org/601.jpg
608,https://6.api.artsmia.org/608.jpg
609,https://0.api.artsmia.org/609.jpg
61,https://5.api.artsmia.org/61.jpg
611,https://2.api.artsmia.org/611.jpg
646,https://2.api.artsmia.org/646.jpg
673,https://1.api.artsmia.org/673.jpg
676,https://4.api.artsmia.org/676.jpg
688,https://2.api.artsmia.org/688.jpg
689,https://3.api.artsmia.org/689.jpg
698,https://5.api.artsmia.org/698.jpg
72,https://2.api.artsmia.org/72.jpg
730,https://2.api.artsmia.org/730.jpg
731,https://3.api.artsmia.org/731.jpg
742,https://0.api.artsmia.org/742.jpg
750,https://1.api.artsmia.org/750.jpg
756,https://0.api.artsmia.org/756.jpg
759,https://3.api.artsmia.org/759.jpg
76,https://6.api.artsmia.org/76.jpg
761,https://5.api.artsmia.org/761.jpg
767,https://4.api.artsmia.org/767.jpg
770,https://0.api.artsmia.org/770.jpg
773,https://3.api.artsmia.org/773.jpg
774,https://4.api.artsmia.org/774.jpg
776,https://6.api.artsmia.org/776.jpg
78,https://1.api.artsmia.org/78.jpg
802,https://4.api.artsmia.org/802.jpg
803,https://5.api.artsmia.org/803.jpg
807,https://2.api.artsmia.org/807.jpg
827,https://1.api.artsmia.org/827.jpg
887,https://5.api.artsmia.org/887.jpg
889,https://0.api.artsmia.org/889.jpg
97,https://6.api.artsmia.org/97.jpg
1089,https://4.api.artsmia.org/1089.jpg
1094,https://2.api.artsmia.org/1094.jpg
1097,https://5.api.artsmia.org/1097.jpg
1162,https://0.api.artsmia.org/1162.jpg
1163,https://1.api.artsmia.org/1163.jpg
1217,https://6.api.artsmia.org/1217.jpg
1218,https://0.api.artsmia.org/1218.jpg
1219,https://1.api.artsmia.org/1219.jpg
1224,https://6.api.artsmia.org/1224.jpg
1225,https://0.api.artsmia.org/1225.jpg
1226,https://1.api.artsmia.org/1226.jpg
1227,https://2.api.artsmia.org/1227.jpg
1230,https://5.api.artsmia.org/1230.jpg
1234,https://2.api.artsmia.org/1234.jpg
1235,https://3.api.artsmia.org/1235.jpg
1238,https://6.api.artsmia.org/1238.jpg
1239,https://0.api.artsmia.org/1239.jpg
1240,https://1.api.artsmia.org/1240.jpg
1241,https://2.api.artsmia.org/1241.jpg
1244,https://5.api.artsmia.org/1244.jpg
1255,https://2.api.artsmia.org/1255.jpg
1263,https://3.api.artsmia.org/1263.jpg
1270,https://3.api.artsmia.org/1270.jpg
1271,https://4.api.artsmia.org/1271.jpg
1272,https://5.api.artsmia.org/1272.jpg
1274,https://0.api.artsmia.org/1274.jpg
1275,https://1.api.artsmia.org/1275.jpg
1278,https://4.api.artsmia.org/1278.jpg
1280,https://6.api.artsmia.org/1280.jpg
1310,https://1.api.artsmia.org/1310.jpg
1312,https://3.api.artsmia.org/1312.jpg
1315,https://6.api.artsmia.org/1315.jpg
1317,https://1.api.artsmia.org/1317.jpg
1318,https://2.api.artsmia.org/1318.jpg
1322,https://6.api.artsmia.org/1322.jpg
1324,https://1.api.artsmia.org/1324.jpg
1325,https://2.api.artsmia.org/1325.jpg
1330,https://0.api.artsmia.org/1330.jpg
1331,https://1.api.artsmia.org/1331.jpg
1337,https://0.api.artsmia.org/1337.jpg
1341,https://4.api.artsmia.org/1341.jpg
1346,https://2.api.artsmia.org/1346.jpg
1348,https://4.api.artsmia.org/1348.jpg
1354,https://3.api.artsmia.org/1354.jpg
1355,https://4.api.artsmia.org/1355.jpg
1356,https://5.api.artsmia.org/1356.jpg
1358,https://0.api.artsmia.org/1358.jpg
1367,https://2.api.artsmia.org/1367.jpg
1369,https://4.api.artsmia.org/1369.jpg
1371,https://6.api.artsmia.org/1371.jpg
1372,https://0.api.artsmia.org/1372.jpg
1375,https://3.api.artsmia.org/1375.jpg
1378,https://6.api.artsmia.org/1378.jpg
1385,https://6.api.artsmia.org/1385.jpg
1391,https://5.api.artsmia.org/1391.jpg
1397,https://4.api.artsmia.org/1397.jpg
1398,https://5.api.artsmia.org/1398.jpg
1400,https://0.api.artsmia.org/1400.jpg
1407,https://0.api.artsmia.org/1407.jpg
1413,https://6.api.artsmia.org/1413.jpg
1414,https://0.api.artsmia.org/1414.jpg
1416,https://2.api.artsmia.org/1416.jpg
1417,https://3.api.artsmia.org/1417.jpg
1423,https://2.api.artsmia.org/1423.jpg
1425,https://4.api.artsmia.org/1425.jpg
1429,https://1.api.artsmia.org/1429.jpg
1435,https://0.api.artsmia.org/1435.jpg
1451,https://2.api.artsmia.org/1451.jpg
1463,https://0.api.artsmia.org/1463.jpg
1466,https://3.api.artsmia.org/1466.jpg
1471,https://1.api.artsmia.org/1471.jpg
1476,https://6.api.artsmia.org/1476.jpg
1477,https://0.api.artsmia.org/1477.jpg
1478,https://1.api.artsmia.org/1478.jpg
1487,https://3.api.artsmia.org/1487.jpg
1488,https://4.api.artsmia.org/1488.jpg
1500,https://2.api.artsmia.org/1500.jpg
1502,https://4.api.artsmia.org/1502.jpg
1503,https://5.api.artsmia.org/1503.jpg
1506,https://1.api.artsmia.org/1506.jpg
1508,https://3.api.artsmia.org/1508.jpg
1509,https://4.api.artsmia.org/1509.jpg
1510,https://5.api.artsmia.org/1510.jpg
1512,https://0.api.artsmia.org/1512.jpg
1513,https://1.api.artsmia.org/1513.jpg
1517,https://5.api.artsmia.org/1517.jpg
1520,https://1.api.artsmia.org/1520.jpg
1533,https://0.api.artsmia.org/1533.jpg
1543,https://3.api.artsmia.org/1543.jpg
1554,https://0.api.artsmia.org/1554.jpg
1555,https://1.api.artsmia.org/1555.jpg
1556,https://2.api.artsmia.org/1556.jpg
1566,https://5.api.artsmia.org/1566.jpg
1567,https://6.api.artsmia.org/1567.jpg
1575,https://0.api.artsmia.org/1575.jpg
1576,https://1.api.artsmia.org/1576.jpg
1586,https://4.api.artsmia.org/1586.jpg
1588,https://6.api.artsmia.org/1588.jpg
1595,https://6.api.artsmia.org/1595.jpg
1602,https://6.api.artsmia.org/1602.jpg
1605,https://2.api.artsmia.org/1605.jpg
1613,https://3.api.artsmia.org/1613.jpg
1617,https://0.api.artsmia.org/1617.jpg
1626,https://2.api.artsmia.org/1626.jpg
1627,https://3.api.artsmia.org/1627.jpg
1629,https://5.api.artsmia.org/1629.jpg
1633,https://2.api.artsmia.org/1633.jpg
1637,https://6.api.artsmia.org/1637.jpg
1639,https://1.api.artsmia.org/1639.jpg
1646,https://1.api.artsmia.org/1646.jpg
1650,https://5.api.artsmia.org/1650.jpg
1655,https://3.api.artsmia.org/1655.jpg
1664,https://5.api.artsmia.org/1664.jpg
1665,https://6.api.artsmia.org/1665.jpg
1670,https://4.api.artsmia.org/1670.jpg
1671,https://5.api.artsmia.org/1671.jpg
1673,https://0.api.artsmia.org/1673.jpg
1677,https://4.api.artsmia.org/1677.jpg
1679,https://6.api.artsmia.org/1679.jpg
1681,https://1.api.artsmia.org/1681.jpg
1689,https://2.api.artsmia.org/1689.jpg
1693,https://6.api.artsmia.org/1693.jpg
1694,https://0.api.artsmia.org/1694.jpg
1704,https://3.api.artsmia.org/1704.jpg
1721,https://6.api.artsmia.org/1721.jpg
1726,https://4.api.artsmia.org/1726.jpg
1727,https://5.api.artsmia.org/1727.jpg
1733,https://4.api.artsmia.org/1733.jpg
1735,https://6.api.artsmia.org/1735.jpg
1736,https://0.api.artsmia.org/1736.jpg
1737,https://1.api.artsmia.org/1737.jpg
1738,https://2.api.artsmia.org/1738.jpg
1748,https://5.api.artsmia.org/1748.jpg
1751,https://1.api.artsmia.org/1751.jpg
1752,https://2.api.artsmia.org/1752.jpg
1782,https://4.api.artsmia.org/1782.jpg
1784,https://6.api.artsmia.org/1784.jpg
1785,https://0.api.artsmia.org/1785.jpg
1800,https://1.api.artsmia.org/1800.jpg
1816,https://3.api.artsmia.org/1816.jpg
1819,https://6.api.artsmia.org/1819.jpg
1820,https://0.api.artsmia.org/1820.jpg
1822,https://2.api.artsmia.org/1822.jpg
1838,https://4.api.artsmia.org/1838.jpg
1849,https://1.api.artsmia.org/1849.jpg
1850,https://2.api.artsmia.org/1850.jpg
1851,https://3.api.artsmia.org/1851.jpg
1852,https://4.api.artsmia.org/1852.jpg
1854,https://6.api.artsmia.org/1854.jpg
1883,https://0.api.artsmia.org/1883.jpg
1886,https://3.api.artsmia.org/1886.jpg
1887,https://4.api.artsmia.org/1887.jpg
1888,https://5.api.artsmia.org/1888.jpg
1926,https://1.api.artsmia.org/1926.jpg
1934,https://2.api.artsmia.org/1934.jpg
1935,https://3.api.artsmia.org/1935.jpg
1937,https://5.api.artsmia.org/1937.jpg
1938,https://6.api.artsmia.org/1938.jpg
1941,https://2.api.artsmia.org/1941.jpg
1957,https://4.api.artsmia.org/1957.jpg
1959,https://6.api.artsmia.org/1959.jpg
1977,https://3.api.artsmia.org/1977.jpg
1987,https://6.api.artsmia.org/1987.jpg
10020,https://3.api.artsmia.org/10020.jpg
10513,https://6.api.artsmia.org/10513.jpg
10526,https://5.api.artsmia.org/10526.jpg
10632,https://6.api.artsmia.org/10632.jpg
10670,https://2.api.artsmia.org/10670.jpg
11838,https://1.api.artsmia.org/11838.jpg
11947,https://5.api.artsmia.org/11947.jpg
11955,https://6.api.artsmia.org/11955.jpg
11957,https://1.api.artsmia.org/11957.jpg
12058,https://4.api.artsmia.org/12058.jpg
12088,https://6.api.artsmia.org/12088.jpg
12111,https://1.api.artsmia.org/12111.jpg
12133,https://2.api.artsmia.org/12133.jpg
12134,https://3.api.artsmia.org/12134.jpg
12138,https://0.api.artsmia.org/12138.jpg
12144,https://6.api.artsmia.org/12144.jpg
12776,https://1.api.artsmia.org/12776.jpg
12830,https://6.api.artsmia.org/12830.jpg
12832,https://1.api.artsmia.org/12832.jpg
12948,https://5.api.artsmia.org/12948.jpg
13020,https://0.api.artsmia.org/13020.jpg
13074,https://5.api.artsmia.org/13074.jpg
13141,https://2.api.artsmia.org/13141.jpg
13202,https://0.api.artsmia.org/13202.jpg
13612,https://4.api.artsmia.org/13612.jpg
13621,https://6.api.artsmia.org/13621.jpg
14019,https://5.api.artsmia.org/14019.jpg
14148,https://1.api.artsmia.org/14148.jpg
14157,https://3.api.artsmia.org/14157.jpg
14863,https://2.api.artsmia.org/14863.jpg
15682,https://2.api.artsmia.org/15682.jpg
16602,https://5.api.artsmia.org/16602.jpg
16830,https://2.api.artsmia.org/16830.jpg
16945,https://5.api.artsmia.org/16945.jpg
16950,https://3.api.artsmia.org/16950.jpg
18426,https://2.api.artsmia.org/18426.jpg
18573,https://2.api.artsmia.org/18573.jpg
19376,https://0.api.artsmia.org/19376.jpg
19689,https://5.api.artsmia.org/19689.jpg
2031,https://1.api.artsmia.org/2031.jpg
2032,https://2.api.artsmia.org/2032.jpg
2034,https://4.api.artsmia.org/2034.jpg
2040,https://3.api.artsmia.org/2040.jpg
2090,https://4.api.artsmia.org/2090.jpg
2104,https://4.api.artsmia.org/2104.jpg
2116,https://2.api.artsmia.org/2116.jpg
2121,https://0.api.artsmia.org/2121.jpg
2127,https://6.api.artsmia.org/2127.jpg
2135,https://0.api.artsmia.org/2135.jpg
2138,https://3.api.artsmia.org/2138.jpg
2144,https://2.api.artsmia.org/2144.jpg
2202,https://4.api.artsmia.org/2202.jpg
2205,https://0.api.artsmia.org/2205.jpg
2224,https://5.api.artsmia.org/2224.jpg
2225,https://6.api.artsmia.org/2225.jpg
2226,https://0.api.artsmia.org/2226.jpg
2241,https://1.api.artsmia.org/2241.jpg
2242,https://2.api.artsmia.org/2242.jpg
2245,https://5.api.artsmia.org/2245.jpg
2275,https://0.api.artsmia.org/2275.jpg
2279,https://4.api.artsmia.org/2279.jpg
2280,https://5.api.artsmia.org/2280.jpg
2420,https://5.api.artsmia.org/2420.jpg
2421,https://6.api.artsmia.org/2421.jpg
2487,https://2.api.artsmia.org/2487.jpg
2490,https://5.api.artsmia.org/2490.jpg
2494,https://2.api.artsmia.org/2494.jpg
2505,https://6.api.artsmia.org/2505.jpg
2536,https://2.api.artsmia.org/2536.jpg
2540,https://6.api.artsmia.org/2540.jpg
2564,https://2.api.artsmia.org/2564.jpg
2570,https://1.api.artsmia.org/2570.jpg
2603,https://6.api.artsmia.org/2603.jpg
2606,https://2.api.artsmia.org/2606.jpg
2607,https://3.api.artsmia.org/2607.jpg
2613,https://2.api.artsmia.org/2613.jpg
2622,https://4.api.artsmia.org/2622.jpg
2624,https://6.api.artsmia.org/2624.jpg
2724,https://1.api.artsmia.org/2724.jpg
2725,https://2.api.artsmia.org/2725.jpg
2730,https://0.api.artsmia.org/2730.jpg
2749,https://5.api.artsmia.org/2749.jpg
2753,https://2.api.artsmia.org/2753.jpg
2759,https://1.api.artsmia.org/2759.jpg
2762,https://4.api.artsmia.org/2762.jpg
2796,https://3.api.artsmia.org/2796.jpg
2803,https://3.api.artsmia.org/2803.jpg
2805,https://5.api.artsmia.org/2805.jpg
2808,https://1.api.artsmia.org/2808.jpg
2810,https://3.api.artsmia.org/2810.jpg
2814,https://0.api.artsmia.org/2814.jpg
2866,https://3.api.artsmia.org/2866.jpg
2900,https://2.api.artsmia.org/2900.jpg
2901,https://3.api.artsmia.org/2901.jpg
2903,https://5.api.artsmia.org/2903.jpg
2991,https://2.api.artsmia.org/2991.jpg
24494,https://1.api.artsmia.org/24494.jpg
27055,https://0.api.artsmia.org/27055.jpg
3051,https://6.api.artsmia.org/3051.jpg
3053,https://1.api.artsmia.org/3053.jpg
3058,https://6.api.artsmia.org/3058.jpg
3059,https://0.api.artsmia.org/3059.jpg
3061,https://2.api.artsmia.org/3061.jpg
3076,https://3.api.artsmia.org/3076.jpg
3077,https://4.api.artsmia.org/3077.jpg
3115,https://0.api.artsmia.org/3115.jpg
3148,https://5.api.artsmia.org/3148.jpg
3152,https://2.api.artsmia.org/3152.jpg
3156,https://6.api.artsmia.org/3156.jpg
3162,https://5.api.artsmia.org/3162.jpg
3183,https://5.api.artsmia.org/3183.jpg
3210,https://4.api.artsmia.org/3210.jpg
3213,https://0.api.artsmia.org/3213.jpg
3216,https://3.api.artsmia.org/3216.jpg
3217,https://4.api.artsmia.org/3217.jpg
3220,https://0.api.artsmia.org/3220.jpg
3221,https://1.api.artsmia.org/3221.jpg
3257,https://2.api.artsmia.org/3257.jpg
3266,https://4.api.artsmia.org/3266.jpg
3276,https://0.api.artsmia.org/3276.jpg
3280,https://4.api.artsmia.org/3280.jpg
3283,https://0.api.artsmia.org/3283.jpg
3291,https://1.api.artsmia.org/3291.jpg
3296,https://6.api.artsmia.org/3296.jpg
3304,https://0.api.artsmia.org/3304.jpg
3321,https://3.api.artsmia.org/3321.jpg
3346,https://0.api.artsmia.org/3346.jpg
3363,https://3.api.artsmia.org/3363.jpg
3384,https://3.api.artsmia.org/3384.jpg
3385,https://4.api.artsmia.org/3385.jpg
3386,https://5.api.artsmia.org/3386.jpg
3492,https://6.api.artsmia.org/3492.jpg
3520,https://6.api.artsmia.org/3520.jpg
3524,https://3.api.artsmia.org/3524.jpg
3527,https://6.api.artsmia.org/3527.jpg
3534,https://6.api.artsmia.org/3534.jpg
3540,https://5.api.artsmia.org/3540.jpg
3545,https://3.api.artsmia.org/3545.jpg
3584,https://0.api.artsmia.org/3584.jpg
3589,https://5.api.artsmia.org/3589.jpg
3590,https://6.api.artsmia.org/3590.jpg
3632,https://6.api.artsmia.org/3632.jpg
3633,https://0.api.artsmia.org/3633.jpg
3675,https://0.api.artsmia.org/3675.jpg
3685,https://3.api.artsmia.org/3685.jpg
3723,https://6.api.artsmia.org/3723.jpg
3729,https://5.api.artsmia.org/3729.jpg
3730,https://6.api.artsmia.org/3730.jpg
3734,https://3.api.artsmia.org/3734.jpg
3736,https://5.api.artsmia.org/3736.jpg
3737,https://6.api.artsmia.org/3737.jpg
3764,https://5.api.artsmia.org/3764.jpg
3778,https://5.api.artsmia.org/3778.jpg
3862,https://5.api.artsmia.org/3862.jpg
3885,https://0.api.artsmia.org/3885.jpg
3889,https://4.api.artsmia.org/3889.jpg
3890,https://5.api.artsmia.org/3890.jpg
3891,https://6.api.artsmia.org/3891.jpg
3895,https://3.api.artsmia.org/3895.jpg
3903,https://4.api.artsmia.org/3903.jpg
3906,https://0.api.artsmia.org/3906.jpg
3909,https://3.api.artsmia.org/3909.jpg
3914,https://1.api.artsmia.org/3914.jpg
3979,https://3.api.artsmia.org/3979.jpg
30633,https://1.api.artsmia.org/30633.jpg
30702,https://0.api.artsmia.org/30702.jpg
30704,https://2.api.artsmia.org/30704.jpg
30767,https://2.api.artsmia.org/30767.jpg
30788,https://2.api.artsmia.org/30788.jpg
31146,https://3.api.artsmia.org/31146.jpg
31163,https://6.api.artsmia.org/31163.jpg
31247,https://6.api.artsmia.org/31247.jpg
31377,https://3.api.artsmia.org/31377.jpg
31441,https://4.api.artsmia.org/31441.jpg
32122,https://6.api.artsmia.org/32122.jpg
32465,https://6.api.artsmia.org/32465.jpg
33590,https://4.api.artsmia.org/33590.jpg
33688,https://4.api.artsmia.org/33688.jpg
33713,https://1.api.artsmia.org/33713.jpg
33878,https://5.api.artsmia.org/33878.jpg
33879,https://6.api.artsmia.org/33879.jpg
4030,https://5.api.artsmia.org/4030.jpg
4035,https://3.api.artsmia.org/4035.jpg
4042,https://3.api.artsmia.org/4042.jpg
4047,https://1.api.artsmia.org/4047.jpg
4191,https://5.api.artsmia.org/4191.jpg
4194,https://1.api.artsmia.org/4194.jpg
4196,https://3.api.artsmia.org/4196.jpg
4236,https://1.api.artsmia.org/4236.jpg
4239,https://4.api.artsmia.org/4239.jpg
4242,https://0.api.artsmia.org/4242.jpg
4284,https://0.api.artsmia.org/4284.jpg
4312,https://0.api.artsmia.org/4312.jpg
4314,https://2.api.artsmia.org/4314.jpg
4324,https://5.api.artsmia.org/4324.jpg
4343,https://3.api.artsmia.org/4343.jpg
4362,https://1.api.artsmia.org/4362.jpg
4379,https://4.api.artsmia.org/4379.jpg
4381,https://6.api.artsmia.org/4381.jpg
4383,https://1.api.artsmia.org/4383.jpg
4394,https://5.api.artsmia.org/4394.jpg
4395,https://6.api.artsmia.org/4395.jpg
4397,https://1.api.artsmia.org/4397.jpg
4418,https://1.api.artsmia.org/4418.jpg
4457,https://5.api.artsmia.org/4457.jpg
4464,https://5.api.artsmia.org/4464.jpg
4468,https://2.api.artsmia.org/4468.jpg
4474,https://1.api.artsmia.org/4474.jpg
4487,https://0.api.artsmia.org/4487.jpg
4505,https://4.api.artsmia.org/4505.jpg
4523,https://1.api.artsmia.org/4523.jpg
4530,https://1.api.artsmia.org/4530.jpg
4553,https://3.api.artsmia.org/4553.jpg
4558,https://1.api.artsmia.org/4558.jpg
4578,https://0.api.artsmia.org/4578.jpg
4649,https://1.api.artsmia.org/4649.jpg
4684,https://1.api.artsmia.org/4684.jpg
4694,https://4.api.artsmia.org/4694.jpg
4696,https://6.api.artsmia.org/4696.jpg
4706,https://2.api.artsmia.org/4706.jpg
4709,https://5.api.artsmia.org/4709.jpg
4725,https://0.api.artsmia.org/4725.jpg
4729,https://4.api.artsmia.org/4729.jpg
4738,https://6.api.artsmia.org/4738.jpg
4757,https://4.api.artsmia.org/4757.jpg
4793,https://5.api.artsmia.org/4793.jpg
4797,https://2.api.artsmia.org/4797.jpg
4812,https://3.api.artsmia.org/4812.jpg
4829,https://6.api.artsmia.org/4829.jpg
4841,https://4.api.artsmia.org/4841.jpg
4855,https://4.api.artsmia.org/4855.jpg
4866,https://1.api.artsmia.org/4866.jpg
4867,https://2.api.artsmia.org/4867.jpg
4946,https://4.api.artsmia.org/4946.jpg
4958,https://2.api.artsmia.org/4958.jpg
4976,https://6.api.artsmia.org/4976.jpg
4979,https://2.api.artsmia.org/4979.jpg
40424,https://6.api.artsmia.org/40424.jpg
40633,https://5.api.artsmia.org/40633.jpg
40660,https://4.api.artsmia.org/40660.jpg
40663,https://0.api.artsmia.org/40663.jpg
45256,https://1.api.artsmia.org/45256.jpg
45278,https://2.api.artsmia.org/45278.jpg
45640,https://0.api.artsmia.org/45640.jpg
45813,https://5.api.artsmia.org/45813.jpg
45837,https://1.api.artsmia.org/45837.jpg
45954,https://6.api.artsmia.org/45954.jpg
46241,https://6.api.artsmia.org/46241.jpg
46506,https://5.api.artsmia.org/46506.jpg
5033,https://0.api.artsmia.org/5033.jpg
5054,https://0.api.artsmia.org/5054.jpg
5057,https://3.api.artsmia.org/5057.jpg
5102,https://6.api.artsmia.org/5102.jpg
5160,https://1.api.artsmia.org/5160.jpg
5167,https://1.api.artsmia.org/5167.jpg
5176,https://3.api.artsmia.org/5176.jpg
5178,https://5.api.artsmia.org/5178.jpg
5180,https://0.api.artsmia.org/5180.jpg
5192,https://5.api.artsmia.org/5192.jpg
5196,https://2.api.artsmia.org/5196.jpg
5299,https://0.api.artsmia.org/5299.jpg
5369,https://0.api.artsmia.org/5369.jpg
5373,https://4.api.artsmia.org/5373.jpg
5431,https://6.api.artsmia.org/5431.jpg
5448,https://2.api.artsmia.org/5448.jpg
5450,https://4.api.artsmia.org/5450.jpg
5473,https://6.api.artsmia.org/5473.jpg
5487,https://6.api.artsmia.org/5487.jpg
5543,https://6.api.artsmia.org/5543.jpg
5548,https://4.api.artsmia.org/5548.jpg
5556,https://5.api.artsmia.org/5556.jpg
5566,https://1.api.artsmia.org/5566.jpg
5573,https://1.api.artsmia.org/5573.jpg
5600,https://0.api.artsmia.org/5600.jpg
5604,https://4.api.artsmia.org/5604.jpg
5613,https://6.api.artsmia.org/5613.jpg
5623,https://2.api.artsmia.org/5623.jpg
5665,https://2.api.artsmia.org/5665.jpg
5670,https://0.api.artsmia.org/5670.jpg
5683,https://6.api.artsmia.org/5683.jpg
5737,https://4.api.artsmia.org/5737.jpg
5741,https://1.api.artsmia.org/5741.jpg
5747,https://0.api.artsmia.org/5747.jpg
5748,https://1.api.artsmia.org/5748.jpg
5750,https://3.api.artsmia.org/5750.jpg
5752,https://5.api.artsmia.org/5752.jpg
5754,https://0.api.artsmia.org/5754.jpg
5756,https://2.api.artsmia.org/5756.jpg
5771,https://3.api.artsmia.org/5771.jpg
5773,https://5.api.artsmia.org/5773.jpg
5779,https://4.api.artsmia.org/5779.jpg
5783,https://1.api.artsmia.org/5783.jpg
5788,https://6.api.artsmia.org/5788.jpg
5790,https://1.api.artsmia.org/5790.jpg
5810,https://0.api.artsmia.org/5810.jpg
5814,https://4.api.artsmia.org/5814.jpg
5871,https://5.api.artsmia.org/5871.jpg
5877,https://4.api.artsmia.org/5877.jpg
5890,https://3.api.artsmia.org/5890.jpg
5891,https://4.api.artsmia.org/5891.jpg
5894,https://0.api.artsmia.org/5894.jpg
5896,https://2.api.artsmia.org/5896.jpg
5898,https://4.api.artsmia.org/5898.jpg
5912,https://4.api.artsmia.org/5912.jpg
5927,https://5.api.artsmia.org/5927.jpg
5929,https://0.api.artsmia.org/5929.jpg
5968,https://4.api.artsmia.org/5968.jpg
5969,https://5.api.artsmia.org/5969.jpg
5992,https://0.api.artsmia.org/5992.jpg
5995,https://3.api.artsmia.org/5995.jpg
5996,https://4.api.artsmia.org/5996.jpg
51803,https://3.api.artsmia.org/51803.jpg
55601,https://0.api.artsmia.org/55601.jpg
57822,https://2.api.artsmia.org/57822.jpg
58166,https://3.api.artsmia.org/58166.jpg
59614,https://2.api.artsmia.org/59614.jpg
59842,https://6.api.artsmia.org/59842.jpg
6028,https://1.api.artsmia.org/6028.jpg
6030,https://3.api.artsmia.org/6030.jpg
6176,https://2.api.artsmia.org/6176.jpg
6239,https://2.api.artsmia.org/6239.jpg
6782,https://6.api.artsmia.org/6782.jpg
6785,https://2.api.artsmia.org/6785.jpg
60157,https://6.api.artsmia.org/60157.jpg
60161,https://3.api.artsmia.org/60161.jpg
60232,https://4.api.artsmia.org/60232.jpg
60509,https://1.api.artsmia.org/60509.jpg
60587,https://2.api.artsmia.org/60587.jpg
60728,https://3.api.artsmia.org/60728.jpg
60740,https://1.api.artsmia.org/60740.jpg
61319,https://6.api.artsmia.org/61319.jpg
61478,https://4.api.artsmia.org/61478.jpg
61823,https://6.api.artsmia.org/61823.jpg
61831,https://0.api.artsmia.org/61831.jpg
62046,https://5.api.artsmia.org/62046.jpg
62510,https://0.api.artsmia.org/62510.jpg
62516,https://6.api.artsmia.org/62516.jpg
63393,https://1.api.artsmia.org/63393.jpg
63394,https://2.api.artsmia.org/63394.jpg
63571,https://4.api.artsmia.org/63571.jpg
65023,https://0.api.artsmia.org/65023.jpg
67033,https://1.api.artsmia.org/67033.jpg
7020,https://6.api.artsmia.org/7020.jpg
7177,https://2.api.artsmia.org/7177.jpg
72225,https://6.api.artsmia.org/72225.jpg
75993,https://1.api.artsmia.org/75993.jpg
8010,https://2.api.artsmia.org/8010.jpg
8024,https://2.api.artsmia.org/8024.jpg
8031,https://2.api.artsmia.org/8031.jpg
8156,https://1.api.artsmia.org/8156.jpg
8278,https://4.api.artsmia.org/8278.jpg
8362,https://4.api.artsmia.org/8362.jpg
8428,https://0.api.artsmia.org/8428.jpg
8566,https://5.api.artsmia.org/8566.jpg
8673,https://0.api.artsmia.org/8673.jpg
8946,https://0.api.artsmia.org/8946.jpg
8948,https://2.api.artsmia.org/8948.jpg
8949,https://3.api.artsmia.org/8949.jpg
81074,https://0.api.artsmia.org/81074.jpg
81596,https://4.api.artsmia.org/81596.jpg
83458,https://4.api.artsmia.org/83458.jpg
83645,https://2.api.artsmia.org/83645.jpg
83723,https://3.api.artsmia.org/83723.jpg
83749,https://1.api.artsmia.org/83749.jpg
83909,https://0.api.artsmia.org/83909.jpg
83923,https://0.api.artsmia.org/83923.jpg
84289,https://2.api.artsmia.org/84289.jpg
84304,https://3.api.artsmia.org/84304.jpg
89293,https://1.api.artsmia.org/89293.jpg
89618,https://4.api.artsmia.org/89618.jpg
89655,https://6.api.artsmia.org/89655.jpg
89890,https://3.api.artsmia.org/89890.jpg
89938,https://2.api.artsmia.org/89938.jpg
9049,https://5.api.artsmia.org/9049.jpg
9061,https://3.api.artsmia.org/9061.jpg
9413,https://5.api.artsmia.org/9413.jpg
9668,https://1.api.artsmia.org/9668.jpg
9675,https://1.api.artsmia.org/9675.jpg
9920,https://1.api.artsmia.org/9920.jpg
9960,https://6.api.artsmia.org/9960.jpg
90966,https://1.api.artsmia.org/90966.jpg
91482,https://6.api.artsmia.org/91482.jpg
91591,https://3.api.artsmia.org/91591.jpg
95059,https://6.api.artsmia.org/95059.jpg
95061,https://1.api.artsmia.org/95061.jpg
95062,https://2.api.artsmia.org/95062.jpg
96917,https://2.api.artsmia.org/96917.jpg
97646,https://3.api.artsmia.org/97646.jpg
